Time,Time Code,Country Name,Country Code,Agricultural land (% of land area) [AG.LND.AGRI.ZS],Electricity net consumption [CC.ELEC.CON],Electricity net generation [CC.ELEC.GEN],Emission Totals - Direct emissions (N2O) - AFOLU [CC.DEN.AFO],Emission Totals - Emissions (CH4) - AFOLU [CC.ECH.AFO],Coal rents (% of GDP) [NY.GDP.COAL.RT.ZS],GDP per capita (current US$) [NY.GDP.PCAP.CD],Oil rents (% of GDP) [NY.GDP.PETR.RT.ZS],Mineral rents (% of GDP) [NY.GDP.MINR.RT.ZS],Passenger volume by mode (billion tons-km) - Air transport [CC.PSVOL.MOD.AI],Passenger volume by mode (billion tons-km) - Rail transport [CC.PSVOL.MOD.RA],Passenger volume by mode (billion tons-km) - Road transport [CC.PSVOL.MOD.RO],Per capita daily coal consumption (short tons per capita per day) [CC.EG.CONS.COAL.PC],Per capita daily gas consumption (thousand cubic feet per capita per day) [CC.EG.CONS.GAS.PC],Per capita daily oil consumption (barrels per capita per day) [CC.EG.CONS.OIL.PC],Share of surface occupied by forest (% of total) [AG.LND.FRST.ZS]
2018,YR2018,Afghanistan,AFG,58.2769881790166,6.07288,1.16493,10.4725,421.7352,0.545866583766561,485.668418729808,0.00197574528472456,0,2091392326.402,2117133.16876,29838717431.6674,0.000198641189895676,0.000398750264234478,0.000604019146812368,1.85278199408184
2018,YR2018,Albania,ALB,42.8496715328467,6.43948,8.46748,1.9678,80.3845,0.0337302026362366,5287.66369446913,1.58530866740542,0.0408688266977042,256969287,2700000,37927106593.2758,1.36996254879351E-05,0.00144882930308716,0.0115309844159668,28.7919708029197
2018,YR2018,Algeria,DZA,17.3649641165853,62.11403,72.10903,13.6843,272.6441,0,4142.01855842917,15.6479719279686,0.0284783988684369,7879477420,1146737686.83541,169902633857.249,0,0.102662182570686,0.0099025752831173,0.810331601966797
2018,YR2018,American Samoa,ASM,20.05,0.151,0.163,..,0.0001,0,11521.6097798453,0,0,..,10415660.4,466656803.2,0,0,0.0422581060109979,85.95
2018,YR2018,Andorra,AND,40.063829787234,..,..,..,0,..,41793.3188365378,..,0,..,265485760,624038001.6,..,..,..,34.0425531914894
2018,YR2018,Angola,AGO,45.6825940482875,10.2386,11.6856,9.9194,826.3018,0,2524.94248263123,26.3342151109984,0,4291555330,155118185.3857,71824227888.8918,0,0.00268785294703156,0.00432802781303536,54.3174059517125
2018,YR2018,Antigua and Barbuda,ATG,20.4545454545455,0.283073,0.338073,0.0188,0.5794,0,16679.5916624545,0,0,243997485.92139,239782.59673,1522224010.57695,0,0,0.0511956531323349,18.75
2018,YR2018,Argentina,ARG,39.6032286082823,125.09309,139.20709,113.6426,3420.1743,0.000305884224985161,11795.1593866287,1.39460030263589,0.184555055632401,29907492609.7427,3913779495.12112,182513360591.029,1.60947082270358E-06,0.10900307022264,0.0161545198341245,10.5203731515078
2018,YR2018,Armenia,ARM,58.9146469968388,5.35326,7.38726,2.714,27.3704,2.36026629091416E-06,4220.54032079145,0,0.826353694971407,..,44726604.39316,14616554202.4151,0,0.0813612247408164,0.0027317939557721,11.5521601685985
2018,YR2018,Aruba,ABW,11.1111111111111,0.83804216,0.905712,..,0,0,30253.7142345626,0,0,312963603,5588911.4802,1779552405.15473,0,0,0.0736247174566583,2.33333333333333
2018,YR2018,Australia,AUS,46.6580950127535,234.25804,247.67404,100.7724,3554.424,0.794849364902514,57180.7794001614,0.31501827872077,2.82684948921979,159061129229.856,21328673501.622,108455388662.918,0.058640010640047,0.175953119632722,0.0472637429166949,17.4213145571644
2018,YR2018,Austria,AUT,32.1477217644207,66.31786,60.70686,5.2504,188.4206,0,51486.5755014824,0.0437926677567654,0,20696997000,13204700000,94757000000,0,0.0971735275510238,0.0303877832539508,47.1639602520601
2018,YR2018,Azerbaijan,AZE,57.8253926004791,20.28678,23.82038,8.9889,157.0789,0,4739.84171028393,25.3091011620029,0.152776194656631,4033395000,1060043199.43271,63818346085.9806,0,0.102686048817119,0.0100868920682654,13.4139303602971
2018,YR2018,"Bahamas, The",BHS,1.3986013986014,2.01324849,2.146493,0.0423,0.3997,0,33077.3918342474,0,0,446764448.63356,1614721.31864,3162316778.30367,0,0.000973297546295573,0.0668591475049269,50.9350649350649
2018,YR2018,Bahrain,BHR,11.025641025641,27.44749,27.78249,0.179,1.0069,0,24086.3016866837,11.0840766774168,0,11640942240,130922408.55269,21240034649.5019,0,0.989991926178805,0.0398912805829658,0.846153846153846
2018,YR2018,Bangladesh,BGD,73.7673811170008,70.307217,73.971217,60.4884,2420.4592,0.0179909159307171,1991.48326659412,0.026184197832054,0,10616071739.5108,92733632605.0471,220182085311.719,1.72753700756823E-05,0.0182645228775939,0.00085941555872575,14.4687716063609
2018,YR2018,Barbados,BRB,23.2558139534884,0.990296,1.010296,0.0691,1.014,0,17782.8747318576,0.29419719379581,0,..,327756.95985,3845876513.14607,0,0.00685208007553527,0.0376901935361655,14.6511627906977
2018,YR2018,Belarus,BLR,41.6444969947778,32.86596,36.69196,12.0614,371.891,0,6360.06247301284,0.835525727381268,0,3216532000,6215000000,12649000000,0,0.191664910593148,0.0145712359298886,43.0515321706572
2018,YR2018,Belgium,BEL,44.7159841479524,83.62806,70.08216,6.7832,243.7505,0,47549.2080494546,0,0,25126535950,10167000000,119500000000,0,0.153502989400513,0.0598133527679138,22.7642007926024
2018,YR2018,Belize,BLZ,7.54055238930294,0.9417249,0.7870249,0.3652,7.8865,0,4927.19422373932,0.645121900098164,0,71383227.79515,32182.21002,4853610903.27557,0,0,0.0107179172406682,56.9649276633056
2018,YR2018,Benin,BEN,35.0301525363604,1.187964,0.19028,5.6341,122.8418,0,1241.8252980053,0.130486480076081,0,..,1005624.2856,10722229533.657,0,0.000160608087534379,0.00403949862607787,28.6905817665839
2018,YR2018,Bermuda,BMU,5.55555555555556,0.5645,0.602,0.0005,0,0,113050.73688163,0,0,..,555028.05769,1118136936.6099,0,0,0.0815782965854578,18.5185185185185
2018,YR2018,Bhutan,BTN,13.4504457262716,2.385702,6.890702,0.276,16.1479,0,3243.47743748718,0,0.0696622256757227,408355902,5749253632,695546830.66907,0.000747887070093564,0,0.00528984036988629,71.3455689564761
2018,YR2018,Bolivia,BOL,34.8259946459891,8.31972,9.41472,19.5658,791.241,0,3548.59078021899,1.49154806553392,1.21093092611937,3130648799.33609,337490.0589,24548984033.1709,0,0.0272867956512325,0.00790358721358417,47.3121388350411
2018,YR2018,Bosnia and Herzegovina,BIH,43.18359375,12.25308,18.20808,2.346,59.3593,0.312653195241099,6070.35298018619,0,0.156454833174298,..,40000000,1661000000,0.00638112711127795,0.00659616226739953,0.0103748321578024,42.7326171875
2018,YR2018,Botswana,BWA,45.6330174862809,3.30076,2.96976,2.2048,96.7135,0.466301315966638,7503.8785883646,0,0.0626737629280858,106022000,25964039.42948,15166759189.7613,0.00332714996289483,0,0.00940388170257563,27.3345331992307
2018,YR2018,Brazil,BRA,28.3410903622098,528.09132,591.08532,423.0349,13283.1524,0.00677201259846744,9151.38173161536,2.0159800649676,0.879598680124168,134841080950,31156662370.7881,963486201878.674,6.97519409580838E-05,0.0164355471089936,0.0146226655526707,59.7084279516735
2018,YR2018,British Virgin Islands,VGB,46.6666666666667,0.114858,0.137858,..,0,..,..,..,..,..,139973042.63281,230755400.38438,..,..,..,24.1333333333333
2018,YR2018,Brunei Darussalam,BRN,2.5426944971537,3.55548,4.03648,0.1672,0.7462,0,31628.4762566009,11.6521961978427,0,3919883000,7215399702.83641,53134326.17216,0,0.919889274606372,0.0368648606526759,72.1062618595825
2018,YR2018,Bulgaria,BGR,46.3338246131172,32.273746,43.18263,8.1344,70.3835,0.131365017515055,9446.70077185518,0.0226288279568553,0.270433456826085,1562405490,1479000000,8588000000,0.0130098999795645,0.0431003611873923,0.0132060563943678,35.6208548268239
2018,YR2018,Burkina Faso,BFA,44.3823099415205,2.0324,1.6074,21.9967,558.2727,0,804.500537821516,0,3.65248145752075,121914770,6408690.54537,15056632566.7052,0,0,0.00104049026104553,23.0862573099415
2018,YR2018,Burundi,BDI,79.1666666666667,0.35090284,0.268878,2.9258,63.529,0,238.034309554717,0,0,..,18337395.1042,3569962076.75818,0,0,0.000272925658281984,10.8894080996885
2018,YR2018,Cabo Verde,CPV,19.6029776674938,0.42691262,0.459059,0.1043,2.1391,13.7751921471315,3616.46066604314,0,0,444788240,2458580.93517,2082248999.26793,..,..,..,11.1960297766749
2018,YR2018,Cambodia,KHM,32.2399728076139,8.40457,7.92457,7.8257,751.3129,0.0045113395071367,1512.12698889384,0,0,2275334720,23295751793.8895,14491652949.8639,0,0,0.00339891938500405,47.4719578518015
2018,YR2018,Cameroon,CMR,20.6257536333058,6.49483,8.28083,11.7111,295.2466,0,1585.24053445546,3.01562742741433,0,143316960,10414162.57672,33017431159.7764,0,0.00420821378125509,0.00140016437473715,43.2664424277041
2018,YR2018,Canada,CAN,6.49170885574736,554.720418,637.02776,72.0664,1027.4465,0.0884379565394914,46548.6384108296,1.78050653634303,0.12544733023969,224308000000,1598000000,882294533151.156,0.00491211432192853,0.32595701794312,0.0681286354540102,38.7037629425392
2018,YR2018,Cayman Islands,CYM,11.25,0.618165,0.658165,..,0,0,86180.5396948445,0,0,..,4314300.13251,1047044053.15613,0,0,0.0703067132109577,53.375
2018,YR2018,Central African Republic,CAF,8.15435487495586,0.14043,0.151,7.9521,731.056,0,475.953813864813,0,0.0556825136617355,..,4603737.25064,1636984047.4304,0,0,0.000611011703276439,35.8968185174484
2018,YR2018,Chad,TCD,39.8967598475222,0.18664,0.29664,58.0931,1867.5235,0,726.151007088549,20.4861954431785,0,..,16238449.82704,7317427376.03095,0,0,0.000444655374625801,3.60149301143583
2018,YR2018,Channel Islands,CHI,..,..,..,..,..,..,..,..,..,..,..,..,..,..,..,..
2018,YR2018,Chile,CHL,21.1087081658893,75.584284,79.09572,11.8372,216.9705,0.0137068301646528,15772.333484425,0.0150647720762657,4.92007450752783,36806563583,676509974,69713628107.654,0.000363879636148358,0.027859805076646,0.0194045080505479,24.161529026323
2018,YR2018,China,CHN,56.077067426709,6452.118661,6801.93262,780.3008,13298.7885,0.573020795816659,9905.34200389253,0.433930309335748,0.202855915823378,1167406085879.33,1319895190244.92,6183373378391.28,0.00801825481452661,0.0194678413589787,0.00997143554361401,22.9417353835101
2018,YR2018,Colombia,COL,44.6074808472285,70.1992,78.2482,47.3269,1778.9535,0.726566529122859,6729.58333198168,3.87765027642574,0.14612250822605,36063347943,544409722.20492,178158067332.784,0.00512553867134289,0.0216058259622777,0.00678462724241421,53.6642451554754
2018,YR2018,Comoros,COM,70.3922622246104,0.086848,0.092896,0.1218,10.1532,0,1428.29046324322,0,0,..,7.33262,567662527.69541,0,0,0.00187573315687919,18.1622783449758
2018,YR2018,"Congo, Dem. Rep.",COD,14.7963212103835,8.58732,10.46932,4.3397,943.2221,0,565.829542895849,0.928355836725736,8.01142761711166,1136038376.99019,18450952.90518,72063733346.5522,0,0,0.00020709729179648,56.6189497364416
2018,YR2018,"Congo, Rep.",COG,31.1215226939971,1.72561,3.10761,0.6203,68.9547,0,2606.61552601515,42.3230006896441,0,428063110.944,7162051.51299,11115897698.4467,0,0.0256441727403178,0.0023116901834891,64.3513909224012
2018,YR2018,Cook Islands,COK,6.25,0.03880797,0.041729,0.0026,0.2832,..,..,..,..,29831767.91,3330572.8,87445987.2,..,..,..,64.9583333333333
2018,YR2018,Costa Rica,CRI,34.9099099099099,10.063571,11.40603,3.8438,102.077,0,12485.4238961667,0,0,3346415886.036,9858384.16249,67619312834.989,0,0,0.0120384232800898,58.7961222091657
2018,YR2018,Cote d'Ivoire,CIV,66.6666666666667,6.62922,9.55722,5.001,124.8097,0,2314.05095836881,1.0078048653789,0.455348393490338,867908832,47752874.11666,32043912087.2857,0,0.00769759514988051,0.00207425605310798,9.63044025157233
2018,YR2018,Croatia,HRV,26.5170466728611,16.771772,13.208772,2.9539,52.7336,0,15227.5600968096,0.329616811853371,0.000304387830390035,1520730530,756000000,30962000000,0,0.0652618444428034,0.017371843748161,34.5598956472018
2018,YR2018,Cuba,CUB,60.6936416184971,16.34166,19.63126,7.7199,299.3283,0,8824.19400843842,0.643466631284228,0.251283638231141,912519806.666,11735424.77048,85519042304.6569,0,0.00832969457377768,0.0139984715955764,31.233140655106
2018,YR2018,Curacao,CUW,..,..,..,..,..,0,18956.0979142963,..,0,..,339729.41331,1687690371.32344,..,..,..,0.157657657657658
2018,YR2018,Cyprus,CYP,14.2734523809524,4.626833,4.78502,0.4746,7.1899,0,29334.111328125,0,0.00374496609187091,498979000,2379046.32527,15216617910.6536,0,0,0.0447116842571523,18.6764069264069
2018,YR2018,Czech Republic,CZE,45.628804558995,63.802817,81.9802,8.4285,116.6447,0.130304403778705,23419.7356136502,0.0133954959412476,0,9667782540,10286019000,88921400000,0.0123789710244303,0.0752715437663295,0.0204049727335877,34.6259551871519
2018,YR2018,Denmark,DNK,65.8125,32.97458,29.83758,7.8765,241.6573,0,61591.9288698958,0.487437286171954,0,940442808.33717,6560000000,66544317600,0,0.0494657003763705,0.0278297801242605,15.664
2018,YR2018,Djibouti,DJI,73.4253666954271,-0.05948,0.05552,0.6341,18.648,0,3038.26973815945,0,0,..,2501201.89145,1166197884.35802,0,0,0.00486430510584825,0.243313201035375
2018,YR2018,Dominica,DMA,33.3333333333333,0.058057,0.064178,0.0258,1.0292,0,7745.37696325874,0,0,..,72.57006,1186768352,0,0,0.0171736278673648,63.8266666666667
2018,YR2018,Dominican Republic,DOM,50.2794452494308,16.06696,18.61596,7.5176,251.4999,0,8050.64407623416,0,0.832348886568165,..,82355883.96534,100893034813.372,0,0.0115032066600527,0.0134330227080433,44.0471951976816
2018,YR2018,Ecuador,ECU,21.9358995007248,24.604748,28.54474,10.7021,322.0384,0,6295.93466163992,7.16632924901327,0,5996030750,103174628.58548,74109375571.8082,0,0.00197347956523371,0.0153782720889618,50.8389837332904
2018,YR2018,"Egypt, Arab Rep.",EGY,3.88065698930132,145.004464,177.831464,38.9241,527.1179,0,2537.12518504712,5.55964360057668,0.0678077867996193,25737067244.0145,1845039011.01494,337431348669.575,0,0.0578540999378235,0.00798813606120718,0.0451855944547692
2018,YR2018,El Salvador,SLV,57.707528957529,6.218,5.287,2.3794,56.7201,0,4052.62477533742,0,0,5162202060,827502.71716,77768981587.5668,0,0,0.00785507910840154,28.6138996138996
2018,YR2018,Equatorial Guinea,GNQ,6.81212121212121,1.36894,1.53894,0.0233,0.4667,0,10005.6160423267,23.0230672139861,0,295872160.07189,24277.82632,6313639416.3294,0,0.0820462187356568,0.0077397437135497,87.8837789661319
2018,YR2018,Eritrea,ERI,62.7035294042634,0.3813,0.4403,4.2239,119.4243,..,..,..,..,100845764.64704,240654.5063,2364733160.80898,..,..,..,8.76775721087697
2018,YR2018,Estonia,EST,23.0409356725146,9.10156,11.74256,1.1503,25.5817,0,23063.5638175675,0.356249631748285,0,9882100,417000000,2924000000,0,0.0369619295699723,0.0228590799991225,57.0385964912281
2018,YR2018,Eswatini,SWZ,71.046511627907,1.537008,0.712208,0.9674,24.6528,0.141731024412061,4107.09443109307,0,0,..,293.79938,8094979941.64931,..,..,..,28.7872093023256
2018,YR2018,Ethiopia,ETH,33.5852342867904,8.83892,13.47992,110.8466,2753.0782,9.42797235746874E-05,771.524866349431,0,0.0361203941246132,42558923590,397991824.74853,33969699865.9417,0,0,0.000774495142718773,15.2534895820899
2018,YR2018,Faroe Islands,FRO,69.0078796561605,0.3168,0.3398,0.0187,0.7338,..,65572.6075305846,0,0,..,377414368,313610393.6,..,..,..,0.0573065902578797
2018,YR2018,Fiji,FJI,17.1592775041051,0.985916,1.071916,0.3514,11.5884,0,6317.41372301725,0,0.324147005401683,5909271510,334155969.18984,2680423813.89773,0,0,0.0182485923362574,61.6672140120416
2018,YR2018,Finland,FIN,7.47565148723348,84.94732,68.03532,3.942,85.8558,0,49988.9108461845,0,0.110955133727335,34854984690,4534000000,74800000000,0,0.0455472272644099,0.0384006960352822,73.7332192682285
2018,YR2018,France,FRA,52.3417653321937,449.9569,551.5439,71.8627,1664.4171,0,41592.795896432,0.00837614758843157,3.05043163143086E-05,201954980000,107920000000,815582000000,0,0.0577768591541533,0.0252062817273361,31.2044225532684
2018,YR2018,French Polynesia,PYF,13.6848170556036,0.54362499,0.584543,0.0293,1.0813,..,22094.7574631942,..,..,..,31229500.85486,820066863.61001,0,0,0.0241070421313819,43.0596369922213
2018,YR2018,Gabon,GAB,8.58710754065277,2.22529,2.16829,0.3105,7.8941,0,7959.00726736376,20.0786791737458,0.00516331617131155,..,1949521.78489,9230167420.95267,0,0.016637313438962,0.0083139830547504,91.4128924593472
2018,YR2018,"Gambia, The",GMB,59.7826086956522,0.244,0.3131,0.7982,30.0013,0,732.720727318856,0,0,40142819.42528,180473.09196,2875544262.28056,0,0,0.00167208333135974,25.1126482213439
2018,YR2018,Georgia,GEO,34.1660670600086,11.9561,11.9221,2.648,44.0027,0.00548551003377816,4722.0424231414,0.05153740022481,0.333754350076575,1039669300,79746520.75305,20535576648.592,0.000112646796867337,0.058638078006999,0.00791800379503308,40.6159159591308
2018,YR2018,Germany,DEU,47.6415364359723,535.3849,610.7819,46.7537,1304.7692,0.0176373739472102,47973.6076235097,0.0157707639858321,0,242053891260.194,98000000000,1015421000000,0.00615691288832735,0.108585587181098,0.0281413027742745,32.6836109680005
2018,YR2018,Ghana,GHA,55.4062582403094,11.309867,14.313867,7.972,214.3037,0,2260.86056729337,4.49105418701517,1.7622317149367,162973100,54649088.85226,34281934694.0176,0,0.00509926520974688,0.00311244301587041,35.0323459611497
2018,YR2018,Gibraltar,GIB,..,0.195573,0.2021,..,0,..,..,..,..,..,157305971.2064,350395654.95535,..,..,..,0
2018,YR2018,Greece,GRC,46.1108642358417,51.35728,50.32128,7.2562,156.1803,0.0347673688683977,19756.990456255,0.0289174335285405,0.0307880622145867,14141438532.6,1104000000,100293809048.935,0.0102672493458095,0.0435414467811124,0.0278261508884566,30.2699767261443
2018,YR2018,Greenland,GRL,0.592301132902911,0.49552,0.51252,..,0,0,54545.2999786248,0,0,..,433990592,360153896,0,0,0.0723536351784089,0.000535997076379583
2018,YR2018,Grenada,GRD,23.5294117647059,0.198495,0.217495,0.0138,0.4012,0,10466.8822111958,0,0,..,2022857.93004,1735155427.46797,0,0,0.0196138163339095,52.0588235294118
2018,YR2018,Guam,GUM,29.6296296296296,1.638962,1.723962,0,0.0001,0,36556.6749110213,0,0,..,611457.72059,1452614058.12388,0,0,0.0693327462773273,51.8518518518518
2018,YR2018,Guatemala,GTM,35.9835759611795,10.617888,13.74999,9.3374,253.0033,0,4478.42464550944,0.195061191816103,0.195962559735371,95766580,7114725.42296,150336707280.542,0,0,0.00620636240340926,33.1373646883165
2018,YR2018,Guinea,GIN,59.0102555754517,1.207224,1.494324,12.4555,538.7078,0,955.111281136711,0,7.20010876801752,..,103813.23909,8226112849.051,0,0,0.0015980981500635,25.5127787725867
2018,YR2018,Guinea-Bissau,GNB,28.9868421052632,0.07568,0.08168,1.4337,50.4262,0,802.767385116156,0,0,..,107.66542,1529035663.4784,0,0,0.00118077488092945,71.0131578947368
2018,YR2018,Guyana,GUY,6.35636271272543,0.8554,1.0904,0.8883,53.6255,0,6145.81927664377,0,2.27853655798673,10663019.0712,710594.87389,1683873591.49105,0,0,0.0196844564252886,93.6436372872746
2018,YR2018,Haiti,HTI,66.7634252539913,0.361442,0.99515,3.354,125.5407,0,1479.3458268885,0,0,..,14227600.94874,98633974742.2293,0,0,0.00210020827696154,12.8272859216255
2018,YR2018,Honduras,HND,31.3790329788185,6.68304,9.29304,6.1891,188.3916,0,2510.32294304191,0,0.000179595571147166,95497579.68653,1157715.47461,81077078250.9507,0,0,0.0067371130077284,57.2094020913397
2018,YR2018,"Hong Kong SAR, China",HKG,4.76190476190476,44.735,34.37,0.1861,1.0831,0,48537.5668888343,0,0,158403729090,2533580487.8974,79123051455.917,0,0.0423512034975539,0.0576436378664877,..
2018,YR2018,Hungary,HUN,58.031996493535,41.39752,30.40652,10.8002,101.1723,0.0122203580686245,16427.3727611478,0.148704729448611,2.74661050882677E-05,45225202520,7769560000,82606610000,0.00243997956369184,0.0992691968589523,0.0183406718016474,22.5281612973921
2018,YR2018,Iceland,ISL,18.565903005058,19.140706,19.69488,0.4228,12.2499,0,74469.8040591559,0,0,24228765676.6675,1000246001.97988,7984000000,0,0,0.0656656252392117,0.496280868789051
2018,YR2018,India,IND,60.2435646561437,1265.005,1539.009,557.7906,20097.5882,1.15628298147402,1998.25907627675,0.454587640647553,0.427259531748115,221193698478.363,754212257073.874,2348298927815.54,0.00147726255294823,0.00408006746360781,0.00352314098795851,24.0910268095884
2018,YR2018,Indonesia,IDN,33.1820876379946,249.04227,269.49438,120.6192,5544.8499,1.0686504902169,3893.85957814877,1.175772264993,0.587901991633517,123533541629.999,611785499754.231,236758122559.713,0.00618958891261716,0.0169879378351419,0.00637307328522896,49.7168177792076
2018,YR2018,"Iran, Islamic Rep.",IRN,28.9152542372881,254.99121,291.55121,36.6075,651.4928,0.0117288687399183,4046.34186351162,31.1725618793572,0.868980153977087,27243266154.0966,2872133793.56144,356005650153.019,6.07695446073705E-05,0.246569118853571,0.0222706392933745,6.61142064714946
2018,YR2018,Iraq,IRQ,21.307079939557,43.97096,77.64996,8.8552,136.5169,0,5915.85085369644,44.3055358892491,0,2072890512.6,7078328.97909,123747302130.857,0,0.0363743322053249,0.0250000420579482,1.90036118379833
2018,YR2018,Ireland,IRL,65.5537813906227,27.147377,29.40994,14.8827,573.9632,0,79107.6049934367,0,0.0309163361369082,224622979353,2281000000,45509487526.6072,0,0.107682861462159,0.032733294489201,11.2355929743069
2018,YR2018,Isle of Man,IMN,70.7017543859649,..,..,..,0,..,89112.6677158571,..,0,..,439199019.11184,680461001.24248,..,..,..,6.07017543859649
2018,YR2018,Israel,ISR,29.6349353049908,56.339606,64.71652,2.4874,24.5498,0,42063.4531274811,0.0103026883373587,0.0384286166761386,23917538000,1638000000,41075712574.6539,0,0.0996995392974324,0.0261228256855946,6.46950092421442
2018,YR2018,Italy,ITA,41.948748469826,302.197855,276.28681,22.8154,840.5484,0,34622.1696664741,0.0698119417148875,0,47960740098,55493000000,826284000000,0,0.116410275742808,0.0210558272052982,31.9848977742309
2018,YR2018,Jamaica,JAM,40.9972299168975,3.0237,4.1677,0.5341,11.6201,0,5359.99378939638,0,1.27278361653551,566941690.909,676560.28165,37187446049.6656,0,0.00322336633699413,0.0172664664327422,54.3970452446907
2018,YR2018,Japan,JPN,12.1262002743484,898.24162,943.25162,15.0853,580.4249,0.000554851129947325,39727.1165995928,0.00106198340904378,0.00182429053001892,197830304000,423147947871.411,887224745447.962,3.1694569239327E-05,0.082352797958882,0.0299229449035834,68.4087791495199
2018,YR2018,Jordan,JOR,11.5093489524668,17.31661,19.28161,1.5254,24.1147,0,4308.1510738997,0.000993258609415039,0.755374218893444,8516769700,409844252.81621,33635176569.515,0,0.0516989609703715,0.011103134273245,1.09822031989187
2018,YR2018,Kazakhstan,KAZ,80.0222617327851,91.66827,101.71827,18.3732,638.849,0.929382979816072,9812.62637077396,15.6114651371934,3.37736931800382,16329188709.2,618316400.34466,63959837567.2933,0.0187871264582156,0.0820581772549847,0.0180560209388562,1.25799207319332
2018,YR2018,Kenya,KEN,48.5469304564782,9.266554,11.576554,41.1795,1112.5173,0,1794.0911754468,0.00504107702605338,0.00445832873750075,11658409802.4939,46932679.01289,52485074340.4157,0,0,0.00232745472797933,6.34481849808483
2018,YR2018,Kiribati,KIR,41.9753086419753,0.025237,0.029837,0.0057,0.229,0,1693.95015468902,0,0,10651597.6,11871171.6,323441161.6,0,0,0.00385436708676099,1.45679012345679
2018,YR2018,"Korea, Dem. People's Rep.",PRK,21.5347562494809,12.77014,15.14714,2.7089,144.9171,..,..,..,..,64862835.978,8428469742.84906,45168338062.0049,..,..,..,50.432273067021
2018,YR2018,"Korea, Rep.",KOR,16.9401148482363,534.616672,552.79976,9.7915,369.3827,0.0011648009561575,33436.9230646064,0.000484772406982172,0.000308929572452075,178239190042,138305470212.673,414046322131.984,6.67129598026035E-05,0.103435918179222,0.0497329613617691,64.6739130434783
2018,YR2018,Kosovo,XKX,..,..,..,..,..,0.312423206209444,4384.0488917319,0,0.259796395913366,..,..,..,..,..,..,..
2018,YR2018,Kuwait,KWT,8.41750841750842,63.0578,69.6368,0.825,7.4005,0,33399.060475851,45.1216846929565,0,15505601680,45412354.17232,72011931380.5546,0,0.509703523804695,0.102482395293277,0.350729517396184
2018,YR2018,Kyrgyz Republic,KGZ,54.0709071949948,11.7404,15.3094,3.7571,145.6256,0.212836209102279,1308.14016549619,0.13598166093302,4.3024270898662,1431518189.5644,55244720.59102,13554092120.8263,0.00110191737924329,0.00334272351203862,0.00627523266525755,6.66788321167883
2018,YR2018,Lao PDR,LAO,9.44887348353553,4.05858,33.46458,4.3739,296.589,..,2569.09389217251,0,2.23150614379063,876356248.81373,15487433863.0146,8559643083.43703,0.0059488685766211,0,0.00332248145155135,72.2032062391681
2018,YR2018,Latvia,LVA,31.1440371542899,6.977196,6.51644,2.1215,40.1534,0,17865.0310947642,0,0,4481595876,624000000,17813000000,0,0.0713942845063887,0.0183247957890673,54.6876757677536
2018,YR2018,Lebanon,LBN,65.6451612903226,17.73468,20.01168,1.3917,9.7815,0,8003.82761247354,0,0,5507874000,19351290.94628,39136385750.3763,0,0,0.0245993151029889,13.8934506353861
2018,YR2018,Lesotho,LSO,80.1482213438735,0.824674,0.539674,1.3542,33.9039,0,1192.4843195181,0,0,..,67.66704,3294980839.25491,0,0,0.00244139468491537,1.13702239789196
2018,YR2018,Liberia,LBR,20.2869601328904,0.295,0.322,0.5104,10.0116,0,710.265998419581,0,0,..,974437.36444,3584070397.91916,0,0,0.00190154563045227,79.7130398671096
2018,YR2018,Libya,LBY,8.72387101174171,25.69322,32.12122,3.1925,66.7444,0,11482.1336356202,42.4708271366993,0,1233279813.02677,229792.7116,26875883332.6887,0,0.0679297512577913,0.0334205071073497,0.123327687918433
2018,YR2018,Liechtenstein,LIE,32.9375,..,..,..,..,..,176499.402554134,..,0,..,461952755.2,338168102.4,..,..,..,41.875
2018,YR2018,Lithuania,LTU,47.0541274149768,11.22178,2.52328,4.2203,68.2245,0,19186.1812814178,0.0334291574853369,0,4275850,468000000,32702000000,0,0.0799090768174969,0.0243300366976341,35.0950023950184
2018,YR2018,Luxembourg,LUX,51.1015902363991,6.474,0.4683,0.4573,17.0888,0,117254.740352682,0,0,2491474760,442000000,8986229943.82909,0,0.123714355880474,0.103518787729254,34.4538272103664
2018,YR2018,"Macao SAR, China",MAC,..,5.417,0.656,0.0071,0.0156,0,87526.0799912635,0,0,5314387280,66687912.45431,1083576406.56691,0,0.0144898524744224,0.0226641103807699,..
2018,YR2018,Madagascar,MDG,70.2904778274321,2.14182,2.27182,16.2852,566.304,0,518.401122965872,0.145433336368669,0.340463533071128,879133020,3686.68024,17848516172.0841,0,0,0.000619876816679288,21.4098315572362
2018,YR2018,Malawi,MWI,59.9278744166313,1.165474,1.625474,7.804,135.1928,0.0172037761921054,544.593459253286,0,0.0010796104919689,2396602.62828,1568.11026,11234428083.9939,8.28940931596909E-06,0,0.000396498564694489,24.6680101824353
2018,YR2018,Malaysia,MYS,26.0873535230558,146.695,159.946,10.094,246.9728,0.0176822234873057,11380.079220974,2.88759408253797,0.0124686751654717,113966343188,170097288997.991,44426210466.6678,0.00025402702523866,0.117205399828724,0.022369489660395,58.4822401460965
2018,YR2018,Maldives,MDV,21.3333333333333,0.5865,0.6075,0.0064,0.0001,0,10279.0799751619,0,0,730630613.524,3035092464.62495,352366565.96758,0,0,0.0226693309385762,2.73333333333333
2018,YR2018,Mali,MLI,33.7660528278383,2.84727,3.53827,30.284,839.6534,0,894.804843529365,0,5.38053448508095,..,13187940.48984,11143700771.3042,0,0,0.00108437498790472,10.896663634352
2018,YR2018,Malta,MLT,32.4375,2.333003,1.8558,0.0468,2.1768,0,31573.1165594518,0,0,3581304800,268804755.27759,1982385628,0,0.0687494940780977,0.107526176586064,1.4375
2018,YR2018,Marshall Islands,MHL,47.7777777777778,..,..,..,0,..,3793.55098267479,..,0,15386377,21897885.94542,1205726961.12153,..,..,..,52.2222222222222
2018,YR2018,Mauritania,MRT,38.4796740079558,1.47008,1.69508,7.5859,259.1288,1.13187666649459,1669.77347632717,0,0.381235156654403,601205471.02652,3209009.90354,5201301981.4481,0,0,0.00514850530540713,0.314058406907927
2018,YR2018,Mauritius,MUS,42.3645320197044,2.79937,2.98177,0.311,0.7861,0,11208.3438184474,0,0,7517312000,16515680766.9125,313397888.64688,0,0,0.0262292255753912,19.0591133004926
2018,YR2018,Mexico,MEX,49.6494251395355,275.66438,318.33238,89.9345,2418.0833,0.0274651734626019,9686.98492655586,2.27127886854115,0.431930341105722,100042370920,24978709110.7207,1009402817513.77,0.000292977923211893,0.0636690422359428,0.0159697088031497,33.9245402402325
2018,YR2018,"Micronesia, Fed. Sts.",FSM,31.4285714285714,..,..,0.0393,1.9179,..,3568.291015625,0,0,..,37333114.4,529176304,0,0,0.00763366379616477,91.9428571428572
2018,YR2018,Moldova,MDA,68.6355301608926,4.83848,4.47248,2.266,28.2517,0,4230.62696856829,0.0133699686771002,0,1748414800,94500000,3374600000,0,0.097883529286667,0.0078476326070062,11.7529716925191
2018,YR2018,Monaco,MCO,..,..,..,..,..,..,185978.609251356,..,0,50380.589,137319313.6,277993987.2,..,..,..,0
2018,YR2018,Mongolia,MNG,72.8416347996956,6.89459,6.13059,19.3117,636.6074,7.86184960624994,4156.8469697802,2.33919154107498,9.61105231292662,1404595000,17926896918.0974,7428790781.29004,0.0441957975923989,0,0.00901963202064344,9.10255545816196
2018,YR2018,Montenegro,MNE,19.092936802974,2.99757,3.69657,0.198,11.7875,0.113291641211593,8850.37840418667,0,0.198613742673335,517555678,60000000,114000000,0.00774582543555273,0,0.0128220835408018,61.4869888475836
2018,YR2018,Morocco,MAR,68.3975066099036,28.908443,31.668443,20.0968,300.2564,0,3226.98291015625,0.00185811508634421,2.80592437361952,18080820733,50263957.07296,104095440509.569,0,0.00297941792906695,0.00799676495022461,12.8200537754873
2018,YR2018,Mozambique,MOZ,52.6638927744856,14.33259,16.83459,5.7938,840.0005,4.50381962379393,503.302009186097,0.105275901119442,0.0308163801034289,579200000,1633.85822,16987262740.248,0.00118821070983226,0.00393661489283419,0.00109686339763695,47.3361072255144
2018,YR2018,Myanmar,MMR,20.0265052857362,19.7906,23.7916,37.0343,2740.537,0.0293355621514925,1250.17368502539,0.212886915708654,1.10461644335363,1697493389.14931,29067487352.0207,48134702550.4787,5.5882016725155E-05,0.00847818263129695,0.00261787395097504,44.6197487360196
2018,YR2018,Namibia,NAM,47.1401328814877,4.1843,1.1833,4.9572,148.9394,0,5588.39286411942,0,0.772592097822902,1647072770,586.5974,14302823101.6186,0,0,0.0107339969259738,8.23636871576237
2018,YR2018,Nauru,NRU,20,0.03045,0.0329,0.0003,0.046,..,11614.665076832,0,0,151170287.793,1585986.95,41640944.8,0,0,0.0349869742128463,0
2018,YR2018,Nepal,NPL,28.7478200209278,6.596629,4.932629,13.5768,798.1935,0.00491558174361533,1178.52595698425,0,0,2269399668,3635427323.33271,17311604297.0744,2.68801736277936E-06,0,0.00198809939891849,41.5907220090687
2018,YR2018,Netherlands,NLD,54.1134541134541,111.430518,108.79434,10.4892,460.2755,0,53044.5324352253,0.0222178247378531,0,127739209277.948,18895000000,194200000000,0,0.238228056183849,0.0540543268005384,10.9186219186219
2018,YR2018,New Caledonia,NCL,10.0672866520788,2.882945,2.947238,0.1737,6.1711,0,36382.4955335221,0,0.931144439426637,..,43547721.95938,827089768.26563,0,0,0.0677594401722962,45.8544857768053
2018,YR2018,New Zealand,NZL,39.8693555125138,40.278657,43.2395,35.5088,1108.1132,0.0353849443215747,43250.440973659,0.0829147037653216,0.0709025750428038,36747994704.708,5218973192.92164,19024907354.3091,0.0019910007907223,0.0909470177260934,0.0366418650777456,37.4279366526148
2018,YR2018,Nicaragua,NIC,42.0890809373442,3.75998,4.53698,7.9067,317.8142,0,2014.57518879047,0,0.701478406794256,..,1844279.98188,56372950017.9889,0,0,0.00531192633393874,29.9778128635533
2018,YR2018,Niger,NER,36.7861372069156,1.20162,0.50462,28.9602,769.9158,0.0369536384680371,570.723921953592,1.64020030444725,0.422039369562109,..,10055942.53904,6271558277.99792,3.32374680511351E-05,0,0.000559752099424459,0.871982316254835
2018,YR2018,Nigeria,NGA,75.8956157976218,25.70046,30.56746,72.3773,2100.1576,0.000442866260942488,2027.77854863842,8.84870568166443,0.011496975149069,4087958792.55941,190678102.14123,217953943909.007,7.33647280499954E-07,0.00915388145155965,0.00230903940523768,24.1043842023782
2018,YR2018,Niue,NIU,19.2307692307692,0.0026,0.003,0.0006,0.0455,..,..,..,..,..,158598.69688,4164094.375,..,..,..,72.5
2018,YR2018,North Macedonia,MKD,50.1189532117367,6.294727,5.36954,0.9608,35.6834,0.160197150578816,6108.74010831698,0,0.268623617166644,..,64000000,11698000000,..,..,..,39.7101506740682
2018,YR2018,Northern Mariana Islands,MNP,1.17391304347826,..,..,..,0,..,22886.6740494647,0,0,..,91582542.80449,171813262.27256,0,0,..,52.9565217391304
2018,YR2018,Norway,NOR,2.70133768638321,125.62198,144.77636,3.5388,100.2269,0.000819192936520267,82267.809316159,5.21241127534779,0,77785844671.221,3757000000,69381000000,8.54819992047448E-05,0.0749168254094462,0.0417360946596294,33.3172650284299
2018,YR2018,Oman,OMN,4.71693053311793,31.78516,35.45516,1.6697,43.2686,0,18947.3664959773,26.6782668701549,0,25937977234,79594546.51471,34555132931.8054,0,0.478364685219617,0.0490076281145032,0.00840064620355412
2018,YR2018,Pakistan,PAK,47.9361249481112,101.66852,117.94652,144.3024,5226.0426,0.0615249065643387,1678.04315020006,0.492026170782626,0.0400588461787621,17814547314,971654866.76682,453782028754.451,6.44094058747868E-05,0.0216040992342686,0.0029456141854797,4.94056143628061
2018,YR2018,Palau,PLW,9.34782608695652,..,..,..,0,..,15895.2598961532,..,0,..,123053985.6,194025407.2,..,..,..,89.6739130434783
2018,YR2018,Panama,PAN,29.563224588838,8.78428,10.52028,2.6113,96.5557,0,15544.9990758626,0,0,32528155851,6799022.78624,37593536434.0635,0,0.00445112427931561,0.0384767697145556,57.1133728767862
2018,YR2018,Papua New Guinea,PNG,2.62774367354149,3.661693,4.001693,0.9104,46.0652,0,2801.37139302915,2.3460751554751,5.99721424278317,1538976406.01385,834988373.85,15884474286.3697,0,0.0011019304478055,0.00487706406086538,79.3243386477057
2018,YR2018,Paraguay,PRY,42.3033979360685,12.39526,58.62077,22.9859,832.1088,0,5782.78454981286,0,0,814857178,699.80597,27103834572.4066,0,0,0.00830715366259653,41.9353888749056
2018,YR2018,Peru,PER,19.29577265625,47.40906,53.35406,19.3895,728.3883,0.00283573925949934,6958.49726229132,0.326773501052596,5.23123781112728,27076329064.454,698272010.81308,131785061417.144,3.31139253931751E-05,0.0230063802140747,0.00800324702169438,56.77815625
2018,YR2018,Philippines,PHL,42.3047254921689,86.0786,95.0856,23.4976,2025.5222,0.0693174440381963,3252.11027410706,0.00915416821005933,0.566508110481565,69226493000,286215425025.009,158038375693.513,0.000369697955506831,0.00326263836673042,0.00430141642236062,23.8750041922393
2018,YR2018,Poland,POL,47.39850409903,156.781947,159.980947,29.6703,581.1795,0.270329709240785,15468.4822194105,0.0519510025419015,2.133945061428,15971565000,21043000000,268386000000,0.00969873999989286,0.0517466112549372,0.0179033166248626,30.8946010386387
2018,YR2018,Portugal,PRT,40.4992467709398,48.53466,56.25166,4.3041,190.0397,0,23562.5545228191,0,0.0648813755893512,40717726349,4487000000,7415000000,0,0.053602338902287,0.022514948819612,36.154994891142
2018,YR2018,Puerto Rico,PRI,19.0417136414882,14.963629,17.463629,0.6072,22.6425,0,31604.7015144578,0,0,..,50987493.432,14754824066.459,0,0.0517073786318591,0.0314332589771444,55.8455467869222
2018,YR2018,Qatar,QAT,6.44038294168842,43.260584,45.046584,0.5336,15.1017,0,65907.9484330735,15.5544381427131,0,152223186610,887485208.5189,18499191058.3583,0,1.29033486013643,0.0962236434677394,0
2018,YR2018,Romania,ROU,58.3014603616134,51.987626,61.5881,16.5765,324.0812,0.0287365154238505,12398.9819787666,0.443053387963737,0.0704383427056268,6337992270,5577000000,19937000000,0.00366747340253281,0.0569700360103424,0.0106918445769433,30.1158292767733
2018,YR2018,Russian Federation,RUS,13.1584362579663,929.05222,1044.77322,77.5001,2183.0352,0.536875138231144,11287.3603515625,10.0708219594997,0.683662665670895,229059622600,129542000000,122892000000,0.00904379083814995,0.328611676613038,0.0246566414520531,49.7843360788722
2018,YR2018,Rwanda,RWA,73.4373733279287,0.83095,0.88145,3.2238,70.013,0,783.812790116076,0,0.222535636293284,1764673522.32,41898538.24002,10227028922.1143,0,0,0.000632646591793375,11.1066072152412
2018,YR2018,Samoa,WSM,19.8453237410072,0.117494,0.132444,0.1271,6.4748,0,4187.50478719379,0,0,48188249,119397290.16328,1209913420.8,0,0,0.0105921917880997,58.5
2018,YR2018,San Marino,SMR,38.3333333333333,..,..,..,..,..,48996.5929877,..,0,..,79813244.8,436184723.2,..,..,..,16.6666666666667
2018,YR2018,Sao Tome and Principe,STP,45.8333333333333,0.0752,0.087,0.0173,0.1891,0,1953.5132573676,0,0,..,169.32231,464340812.38361,..,..,..,55.3541666666667
2018,YR2018,Saudi Arabia,SAU,80.7539305202145,330.57066,363.67566,8.7679,115.6435,0,24228.8390391665,29.2983608589016,0.0693210899382456,75730957854.3128,3788274357.99041,151957865769.704,0,0.319342111594907,0.091351433472906,0.454484134921779
2018,YR2018,Senegal,SEN,46.1122941879188,4.335971,4.68582,10.1008,273.5331,0,1458.08158374002,0,1.14424173896132,14640813.18,2800320.66074,18667930170.7113,0,0.000366158402060233,0.00328681031417243,42.3215083363632
2018,YR2018,Serbia,SRB,39.8696546992911,30.292477,34.70883,5.5342,129.5076,0.225035160482065,7252.40185773992,0.528302942633086,0.344671583562051,2622036000,377000000,105743166287.666,0.0162834497872533,0.0379851494111907,0.0103781946230477,31.1227989938258
2018,YR2018,Seychelles,SYC,3.3695652173913,0.45158,0.48158,0.0047,0.0508,0,16910.6679212598,0,0,758870000,1412333385.125,12107879.9,0,0,0.0844924688824125,73.2608695652174
2018,YR2018,Sierra Leone,SLE,54.7104461069548,0.182672,0.254672,2.0923,106.8,0,533.991533265984,0,0.862157879480667,..,2476405.33842,3667401743.67462,0,0,0.0008487822687491,35.6655583264062
2018,YR2018,Singapore,SGP,0.92436974789916,49.48644,50.05544,0.042,0.0874,0,66859.3383447804,0,0,144643463560,106035437153.65,23022977342.6356,0,0.224151648462856,0.262994033564879,22.3109243697479
2018,YR2018,Sint Maarten (Dutch part),SXM,..,..,..,..,..,..,28988.2592085877,..,0,..,46301.51006,800245009.83086,..,..,..,10.8823529411765
2018,YR2018,Slovak Republic,SVK,39.2886855241265,27.522,25.075,3.388,43.3649,0.00596964897402012,19389.9821594449,0.00143030810007318,0.0122092988928734,..,3915000000,34699000000,0.000832801884030912,0.0820897809649358,0.0168093389643148,40.05615640599
2018,YR2018,Slovenia,SVN,30.3927216384259,14.032166,15.41386,1.1278,41.6871,0.0287078789446196,26116.8563558793,..,0,823290190,656000000,522000000,0.00468463100668901,0.0415208414702005,0.0273894133451372,61.674380723466
2018,YR2018,Solomon Islands,SLB,4.18006430868167,0.091651,0.105651,0.0361,2.3311,0,2411.89790433612,0,1.6343929691368,324606165.619,90842672,1920043770.74055,0,0,0.00256675422113231,90.1904251518399
2018,YR2018,Somalia,SOM,70.3366595466573,0.3122,0.3472,15.379,635.5712,0,389.83139549816,0,0,3632301.415,1.13585,9614074836.93648,0,0,0.000392654133126566,9.77699493097842
2018,YR2018,South Africa,ZAF,79.4178502831612,205.80652,234.68152,34.1078,636.3265,2.18716487862953,7005.09541266022,0.0050808324285389,0.533840090926145,34652332147.707,16430496688.6236,262342773976.618,0.0135169466003512,0.0080014720775023,0.0116624089068966,14.1151027541238
2018,YR2018,South Sudan,SSD,44.7059009700441,0.5232,0.5492,25.5215,1091.9683,..,..,..,..,..,1410228.63726,6285584456.93373,0,0,0.000819976821988498,11.3256215087114
2018,YR2018,Spain,ESP,52.408209711446,246.92992,261.42392,35.6881,972.3984,0.00153531490384919,30364.5799435622,0.00190352739551264,0.0298766238048781,130914457330,28319000000,377643000000,0.000154945166403112,0.0642981840538758,0.028463899699118,37.1566467814769
2018,YR2018,Sri Lanka,LKA,45.448079658606,13.43771,14.84471,2.896,177.9829,0,4059.20822984654,0,0.00190445357219445,16180428000,120680511729.506,23014793142.232,0,0,0.00574126973089493,34.2580499159447
2018,YR2018,St. Kitts and Nevis,KNA,23.0769230769231,0.17534,0.21534,0.0074,0.1955,0,20567.2582647868,0,0,..,1153857.57563,915918731.01924,0,0,0.0347048856649758,42.3076923076923
2018,YR2018,St. Lucia,LCA,16.2950819672131,0.35311932,0.37843632,0.0289,0.837,0,11353.7152287809,0,0,..,148120.83956,3050735019.86035,0,0,0.0171796904282282,34.0491803278688
2018,YR2018,St. Martin (French part),MAF,..,..,..,..,..,..,..,..,..,..,0,0,..,..,..,24.8
2018,YR2018,St. Vincent and the Grenadines,VCT,17.9487179487179,0.1314264,0.1425094,0.0134,0.3737,0,8024.02849584369,0,0,..,109.91504,1767251763.2,0,0,0.0154061175855186,73.1794871794872
2018,YR2018,Sudan,SDN,37.1551605995717,11.462605,15.900605,68.9667,1897.9634,0,773.507080078125,3.80539357893002,2.68287911717232,286411387.24,2587078.60547,43199261970.5721,0,0,0.00322954662930663,10.012778372591
2018,YR2018,Suriname,SUR,0.538461538461538,2.471111,1.889111,0.2762,18.3587,0,6938.08698147294,5.97358427767989,0,1063518000,126.31574,2910041263.06684,0,0,0.0261368844349539,97.5691025641026
2018,YR2018,Sweden,SWE,7.36634329022193,130.33666,158.09666,5.3826,130.0315,0,54589.0603860606,0,0.779898791223456,..,13778000000,126480000000,0,0.00793610242968307,0.0287133404761807,68.6944981353789
2018,YR2018,Switzerland,CHE,38.2142538104157,55.363181,61.178181,3.0089,155.2679,0,86388.4049527184,0,0,59774977000,19354000000,103072516200,0,0.0400262658267505,0.0260875293872248,31.9422269899076
2018,YR2018,Syrian Arab Republic,SYR,75.8100528236127,12.83286,17.14486,5.2617,118.3631,0,1265.60619039693,2.47077207317675,0.00471883085278611,28066063.94266,265156354.96506,81115048143.2961,0,0.0210623041133644,0.00950432905401671,2.84310842454937
2018,YR2018,"Taiwan, China",TWN,22.329850324767,247.284564,256.486564,4.3175,94.9197,0,25841.5956189849,0.000511160335223773,0,..,..,..,..,..,..,..
2018,YR2018,Tajikistan,TJK,35.3887167663376,14.21318,19.47718,3.717,182.2695,0.508339420087708,853.218873401321,0.0912831393197168,3.71239504065405,1338309000,537839.50305,14307669813.1174,0.000652730500547473,0.000773066652799108,0.00244157573807772,3.0391238561856
2018,YR2018,Tanzania,TZA,44.1379543915105,6.15122,7.18822,47.613,1526.5538,0.0409545779862764,1042.83874511719,0,0.811400471825805,701844773,49132.00305,62551967958.0389,3.36760092018227E-05,0.00218578854621233,0.000976591145748806,52.70151275683
2018,YR2018,Thailand,THA,44.6475757990957,185.548158363,172.87589,39.7658,2104.1769,0.0287193116363352,7298.94714621349,0.714559342432267,0.000133015446985483,132748126052.133,330768715659.77,125107631443.185,0.000640295958008141,0.074920378566162,0.0203725390882805,39.0397150071444
2018,YR2018,Timor-Leste,TLS,23.0060524546066,-0.09,0,0.4029,25.6826,0,1249.13835051953,15.0414046038948,0,..,0,159633308.51202,0,0,0.00277471253955135,62.1318090114324
2018,YR2018,Togo,TGO,70.2334988049274,1.25068,0.37168,2.8067,58.7053,0,901.523016898937,0,1.75363972290485,636820430,2031799.25558,4953940526.83808,0,0,0.00162386131037961,22.3421584850156
2018,YR2018,Tonga,TON,48.6111111111111,0.05399,0.05969,0.0406,2.2995,0,4740.70027224476,0,0,..,83830657.6,732878585.6,0,0,0.00961855294436854,12.4305555555556
2018,YR2018,Trinidad and Tobago,TTO,10.5263157894737,8.2458,8.6718,0.4772,3.6019,0,17139.185674458,4.01249310175546,0,3536022000,21053713.81163,23040934329.9779,0,1.52392483793111,0.0300970728910771,44.64522417154
2018,YR2018,Tunisia,TUN,62.4388516992791,15.83773,19.52373,5.9931,86.3704,0,3690.89693189538,1.82340394259015,0.268417911937846,6319079780,1002264138.54157,67360975055.9565,0,0.0435799746602199,0.00881825379903277,4.50354016477858
2018,YR2018,Turkiye,TUR,49.1171082208334,259.718296,291.9884,70.1754,899.1819,0.0390245865165468,9454.34844272271,0.105988678028821,0.277675923667081,194991245365.454,4390665588.44808,445615867166.365,0.00307934695814005,0.0579978645547904,0.0116421170095274,28.4660940971636
2018,YR2018,Turkmenistan,TKM,72.0064690485817,15.093,21.185,5.6819,265.2366,0,6967.37504258806,9.57305645249406,0,3254535000,1123359.52101,32099024524.2284,0,0.650127215941034,0.0260020383582472,8.78215904496414
2018,YR2018,Turks and Caicos Islands,TCA,1.05263157894737,0.22908,0.24158,..,0,0,29553.1366979053,0,0,..,5724735.39854,149169941.24002,0,0,0.0406976427001195,11.0736842105263
2018,YR2018,Tuvalu,TUV,60,..,..,0.0018,0.2191,..,4156.30512786743,0,0,..,4283388.5,53682521.6,0,0,..,33.3333333333333
2018,YR2018,Uganda,UGA,71.8880909634949,3.1858,4.3638,27.5674,698.8519,0,770.600784343292,0,0,4119235,62118929.93252,24680840928.3702,0,0,0.00078272552265647,12.070666267704
2018,YR2018,Ukraine,UKR,71.3306869175009,127.14488,150.20788,41.0046,422.7385,0.417083841043266,3096.56176757813,0.37233645588712,0.418715248015915,15584206600,28685000000,32603000000,0.00176961453309659,0.067308531572419,0.00541810051309146,16.7034863652054
2018,YR2018,United Arab Emirates,ARE,5.37524640946212,119.98248,127.92048,1.898,50.4412,0,43839.3244857234,16.582761616989,0,409367192490,3934801334.81135,72903925837.3108,0,0.732480446153439,0.0931538436945966,4.46775556181357
2018,YR2018,United Kingdom,GBR,71.7185202331253,306.90686,313.50386,40.8072,1104.3065,0.00190260163755831,43646.9519711493,0.517865985807935,3.79318647459991E-05,356464912000,80526378370,707980378800,0.000117240347340463,0.116225045440178,0.0241999497474765,13.1153639482495
2018,YR2018,United States,USA,44.363367353855,4032.62826743,4207.81661887,410.5549,8142.6797,0.197725008182414,62805.2537579917,0.375276452485685,0.034247602462741,1627874879825,55506539376.8422,10177813173029.2,0.00634150576588137,0.252756564755656,0.0627862486915034,33.8669264120375
2018,YR2018,Uruguay,URY,81.0810193120786,11.810141,14.53316,19.7491,754.2593,0,18703.8602924478,0,0.00791916693399434,..,87248937.67327,18640686185.4949,0,0.00154203489359385,0.014444269035455,11.364415495372
2018,YR2018,Uzbekistan,UZB,57.9234067278426,55.284857,59.424857,28.6723,902.1059,0.0512018999256791,1597.0683366109,1.82646056604276,9.08815558230213,8408056220,713226682.14866,87846205949.8487,0.000379380855885785,0.123132581811927,0.00288262264042165,8.25712061408984
2018,YR2018,Vanuatu,VUT,15.3404429860541,0.05974636,0.06874636,0.3446,13.7366,0,3125.43601411444,0,0,422263210,162038137.6,1696684249.6,0,0,0.00525668100758508,36.2838392124692
2018,YR2018,"Venezuela, RB",VEN,24.3750354288306,64.6759,96.6819,27.2911,1066.4759,..,..,..,..,1350526861.01438,61242307.54189,83128946233.6544,4.35017658527661E-05,0.084520659825295,0.020159198786153,52.5341647298906
2018,YR2018,Vietnam,VNM,38.7344502263671,196.82859,210.61659,46.5042,1995.3041,0.367715910178936,3230.92771257461,1.61087592391586,0.105218486538799,63591671940,193301350245.77,117301878322.762,0.0013074508767258,0.0082623550797043,0.00500095947725165,46.2346815387217
2018,YR2018,Virgin Islands (U.S.),VIR,9.42857142857143,0.55324,0.60324,..,0,0.311185799268817,36653.8630480089,0,0,..,119663.52651,1733591813.03948,0,0,0.15363909807385,56.0285714285714
2018,YR2018,West Bank and Gaza,PSE,73.8039867109635,5.494376,0.338676,0.377,6.544,0,3562.33094270256,0,0,..,534.74362,17999560694.6099,0,0,0.00530412465334978,1.6843853820598
2018,YR2018,"Yemen, Rep.",YEM,44.4191904843078,2.54788,3.27988,7.378,174.2685,0,758.145948927092,4.53131065171137,0,726821000,27378042.37587,29584689687.0473,0,0.0003052307503303,0.002000092144596,1.03983180862549
2018,YR2018,Zambia,ZMB,32.0639233780384,13.097004,15.981004,8.9293,792.8703,0.158861528729072,1516.36837125728,0,6.45337064285909,2409456,5818.93333,17857358557.7338,0.000204330828450385,0,0.00167291105190686,60.789706614294
2018,YR2018,Zimbabwe,ZWE,41.8766963939511,8.40102,9.13302,10.0438,260.8922,0.762588300267135,1254.64226494434,0,3.09237028436279,171543067.2,1559.52272,8352566324.09971,0.000449595474111779,0,0.0020671879752141,45.3320925423291
,,,,,,,,,,,,,,,,,,,
,,,,,,,,,,,,,,,,,,,
,,,,,,,,,,,,,,,,,,,
Data from database: Country Climate and Development Report (CCDR),,,,,,,,,,,,,,,,,,,
Last Updated: 10/07/2022,,,,,,,,,,,,,,,,,,,
